Workbook

Sheet Discovery Scan
A1: Ticker | B1: Şirket | C1: Tarama Tarihi | D1: Megatrend | E1: Tedarik Katmanı | F1: Mkt Cap ($B) | G1: Son Gelişme | H1: D1 Megatrend | I1: D2 Tech | J1: D3 De-risk | K1: D4 Asymmetric | L1: D5 Growth | M1: D6 Team | N1: D7 Financial | O1: Quick Score | P1: Kategori | Q1: Deep Dive? | R1: Notlar
A2: SKYT | B2: SkyWater Technology | C2: 2026-03-14 | D2: AI & Otomasyon + Quantum + Savunma | E2: Katman 3: Malzeme/Ekipman | F2: 1.4 | G2: Kuantum musterilerinden rekor gelir Q3 2025; 4 yeni kuantum musterisi | H2: 5 | I2: 4 | J2: 4 | K2: 4 | L2: 4 | M2: 3 | N2: 4 | O2: =IF(H2="","",SUM(H2:N2)) | P2: =IF(O2="","",IF(O2>=25,"🚀 DEEP DIVE",IF(O2>=18,"🟡 WATCHLIST","🔴 PASS"))) | Q2: Evet | R2: ABD'nin tek bagimsiz yari iletken dokumhanesi. CHIPS Act finansmani, DoE $2.7B nukler/kuantum destegi. 3 megatrend kesisimi.
A3: LUNR | B3: Intuitive Machines | C3: 2026-03-14 | D3: Uzay + Savunma | E3: Katman 1: Son Urun/Sistem | F3: 3.6 | G3: Lanteris Space Systems'i $800M'a satin aldi (Ocak 2026); ~$1B backlog | H3: 5 | I3: 4 | J3: 4 | K3: 4 | L3: 4 | M3: 3 | N3: 3 | O3: =IF(H3="","",SUM(H3:N3)) | P3: =IF(O3="","",IF(O3>=25,"🚀 DEEP DIVE",IF(O3>=18,"🟡 WATCHLIST","🔴 PASS"))) | Q3: Evet | R3: NASA ay araci kontrati on sira adayi. Pro-forma backlog ~$1B. Savunma + uzay kesisiminde genisliyor.
A4: RCAT | B4: Red Cat Holdings | C4: 2026-03-14 | D4: Savunma + Robotik | E4: Katman 1: Son Urun/Sistem | F4: 1 | G4: Drone savasi paradigma degisimi; DoD ruzu; $5->$15 son 1 yil | H4: 5 | I4: 4 | J4: 4 | K4: 4 | L4: 4 | M4: 3 | N4: 3 | O4: =IF(H4="","",SUM(H4:N4)) | P4: =IF(O4="","",IF(O4>=25,"🚀 DEEP DIVE",IF(O4>=18,"🟡 WATCHLIST","🔴 PASS"))) | Q4: Evet | R4: Askeri taktik drone sistemleri. ABD askeri drone harcamalari 2025-2030 $11.8B->$33.3B. Replicator programi.
A5: BKSY | B5: BlackSky Technology | C5: 2026-03-14 | D5: Uzay + Savunma + AI & Otomasyon | E5: Katman 1: Son Urun/Sistem | F5: 0.875 | G5: $322.7M backlog (%91 uluslararasi savunma); 4. Gen-3 uydu devrede (Mart 2026) | H5: 5 | I5: 4 | J5: 4 | K5: 4 | L5: 3 | M5: 3 | N5: 3 | O5: =IF(H5="","",SUM(H5:N5)) | P5: =IF(O5="","",IF(O5>=25,"🚀 DEEP DIVE",IF(O5>=18,"🟡 WATCHLIST","🔴 PASS"))) | Q5: Evet | R5: Gercek zamanli Dunya gozlem + AI jeouzaysal istihbarat. +$100M 7 yillik uluslararasi savunma sozlesmesi.
A6: BETA | B6: BETA Technologies | C6: 2026-03-14 | D6: Otonom Mobilite (eVTOL) | E6: Katman 1: Son Urun/Sistem | F6: 1.5 | G6: Jefferies Buy $30 hedef (%79 yukari); FAA sertifikasyonu H1 2026; Amazon %5.3 hisse | H6: 4 | I6: 4 | J6: 4 | K6: 5 | L6: 3 | M6: 3 | N6: 3 | O6: =IF(H6="","",SUM(H6:N6)) | P6: =IF(O6="","",IF(O6>=25,"🚀 DEEP DIVE",IF(O6>=18,"🟡 WATCHLIST","🔴 PASS"))) | Q6: Evet | R6: 52 haftalik dusuge yakin = contra-signal. Eve Air $1B sozlesme. DoT eVTOL Pilot Program odul beklentisi.
A7: NNE | B7: Nano Nuclear Energy | C7: 2026-03-14 | D7: Enerji Geçişi | E7: Katman 1: Son Urun/Sistem | F7: 1.5 | G7: Zeus ve Odin mikro reaktor tasarimlari; DoE $2.7B nukler destek; zirveden %60 dusus | H7: 5 | I7: 4 | J7: 3 | K7: 4 | L7: 3 | M7: 3 | N7: 3 | O7: =IF(H7="","",SUM(H7:N7)) | P7: =IF(O7="","",IF(O7>=25,"🚀 DEEP DIVE",IF(O7>=18,"🟡 WATCHLIST","🔴 PASS"))) | Q7: Evet | R7: Tasinabilir mikro reaktor (1-2 MW). Veri merkezleri + uzay + askeri uygulamalar. Contra-signal firsati.
A8: INFQ | B8: Infleqtion | C8: 2026-03-14 | D8: Quantum + AI & Otomasyon | E8: Katman 1: Son Urun/Sistem | F8: 0.467 | G8: Ilk notr atom kuantum IPO (Sub 2026); $467M degerlemesinde | H8: 4 | I8: 4 | J8: 3 | K8: 5 | L8: 3 | M8: 3 | N8: 3 | O8: =IF(H8="","",SUM(H8:N8)) | P8: =IF(O8="","",IF(O8>=25,"🚀 DEEP DIVE",IF(O8>=18,"🟡 WATCHLIST","🔴 PASS"))) | Q8: Evet | R8: Notr atom teknolojisinde kuresel lider. Kuantum bilisim + kuantum algilama cift gelir kaynagi.
A9: UMAC | B9: Unusual Machines | C9: 2026-03-14 | D9: Savunma + Robotik | E9: Katman 2: Bilesen/Alt Sistem | F9: 0.4 | G9: Needham top pick; %149 gelir buyumesi ongorusu; taktik drone bilesenleri | H9: 5 | I9: 3 | J9: 4 | K9: 4 | L9: 4 | M9: 3 | N9: 2 | O9: =IF(H9="","",SUM(H9:N9)) | P9: =IF(O9="","",IF(O9>=25,"🚀 DEEP DIVE",IF(O9>=18,"🟡 WATCHLIST","🔴 PASS"))) | Q9: Evet | R9: Motorlar, FPV kameralar, ucus kontrolorleri. Tedarik zinciri oyuncusu. ABD askeri + ticari drone pazari.
A10: RDW | B10: Redwire Corporation | C10: 2026-03-14 | D10: Uzay + Savunma | E10: Katman 2: Bilesen/Alt Sistem | F10: 1.8 | G10: 2025 geliri $335.4M (+%10.3 YoY); rekor $411.2M backlog; 2026 tahmini $450-500M | H10: 4 | I10: 4 | J10: 4 | K10: 3 | L10: 3 | M10: 3 | N10: 3 | O10: =IF(H10="","",SUM(H10:N10)) | P10: =IF(O10="","",IF(O10>=25,"🚀 DEEP DIVE",IF(O10>=18,"🟡 WATCHLIST","🔴 PASS"))) | R10: Uzay altyapisi, gunes panelleri, uzay uretimi. ISS sonrasi ticari istasyon sozlesmeleri.
A11: OUST | B11: Ouster | C11: 2026-03-14 | D11: Robotik + Otonom Mobilite | E11: Katman 2: Bilesen/Alt Sistem | F11: 0.8 | G11: Endustriyel LiDAR lider konumu; humanoid robot tedarik zinciri | H11: 4 | I11: 4 | J11: 3 | K11: 4 | L11: 3 | M11: 3 | N11: 3 | O11: =IF(H11="","",SUM(H11:N11)) | P11: =IF(O11="","",IF(O11>=25,"🚀 DEEP DIVE",IF(O11>=18,"🟡 WATCHLIST","🔴 PASS"))) | Q11: Evet | R11: Dusuk marjli otomotiv pazarini kovalamak yerine fabrika robotlarina odakli. Endustriyel otomasyon.
A12: NTLA | B12: Intellia Therapeutics | C12: 2026-03-14 | D12: BioTech + Uzun Omur | E12: Katman 1: Son Urun/Sistem | F12: 1.8 | G12: BofA Buy $43 hedef fiyat; mevcut $7.30 = adil degerin %54 altinda; 2 ileri faz klinik | H12: 5 | I12: 4 | J12: 3 | K12: 5 | L12: 3 | M12: 2 | N12: 2 | O12: =IF(H12="","",SUM(H12:N12)) | P12: =IF(O12="","",IF(O12>=25,"🚀 DEEP DIVE",IF(O12>=18,"🟡 WATCHLIST","🔴 PASS"))) | Q12: Evet | R12: In-vivo CRISPR-Cas9 gen duzenleme. TTR amiloidoz (Nex-z) ve HAE (NTLA-2002). Contra-signal.
A13: NNDM | B13: Nano Dimension | C13: 2026-03-14 | D13: 3D Baski + Savunma | E13: Katman 1: Son Urun/Sistem | F13: 1.5 | G13: Markforged'i $116M'a satin aldi (Nisan 2025); metal+kompozit uretim | H13: 4 | I13: 4 | J13: 3 | K13: 3 | L13: 3 | M13: 3 | N13: 3 | O13: =IF(H13="","",SUM(H13:N13)) | P13: =IF(O13="","",IF(O13>=25,"🚀 DEEP DIVE",IF(O13>=18,"🟡 WATCHLIST","🔴 PASS"))) | R13: Elektronik, metal ve seramik eklemeli uretim. Havacilik, savunma, otomotiv sektorleri.
A14: LAES | B14: SEALSQ Corp | C14: 2026-03-14 | D14: Siber Güvenlik + Quantum | E14: Katman 2: Bilesen/Alt Sistem | F14: 0.784 | G14: Post-kuantum kriptografik yari iletkenler; NIST PQC standartlari gecisi | H14: 4 | I14: 4 | J14: 3 | K14: 4 | L14: 3 | M14: 3 | N14: 2 | O14: =IF(H14="","",SUM(H14:N14)) | P14: =IF(O14="","",IF(O14>=25,"🚀 DEEP DIVE",IF(O14>=18,"🟡 WATCHLIST","🔴 PASS"))) | R14: Donanim seviyesinde kuantum direncli sifreleme. IoT guvenlik talep artisi. PQC mandatlari.
A15: SES | B15: SES AI Corp | C15: 2026-03-14 | D15: Enerji Geçişi + Savunma | E15: Katman 2: Bilesen/Alt Sistem | F15: 0.3 | G15: AI destekli lityum-metal batarya teknolojisi; drone/savunma pazari | H15: 4 | I15: 4 | J15: 3 | K15: 4 | L15: 3 | M15: 3 | N15: 2 | O15: =IF(H15="","",SUM(H15:N15)) | P15: =IF(O15="","",IF(O15>=25,"🚀 DEEP DIVE",IF(O15>=18,"🟡 WATCHLIST","🔴 PASS"))) | R15: Drone ve savunma sektoru batarya talebi. AI ile batarya gelistirme hizi artisi. Mikro cap.
A16: EVLV | B16: Evolv Technologies | C16: 2026-03-14 | D16: AI & Otomasyon + Savunma | E16: Katman 1: Son Urun/Sistem | F16: 1.5 | G16: Q3 2025 geliri $42.9M (konsensusu %27.4 asti); YoY %57 buyume | H16: 4 | I16: 3 | J16: 3 | K16: 3 | L16: 4 | M16: 3 | N16: 2 | O16: =IF(H16="","",SUM(H16:N16)) | P16: =IF(O16="","",IF(O16>=25,"🚀 DEEP DIVE",IF(O16>=18,"🟡 WATCHLIST","🔴 PASS"))) | R16: AI destekli guvenlik tarama. Stadyumlar, havaalanlari, okullar. Kurumsal anlasma ivmesi.
A17: EH | B17: EHang Holdings | C17: 2026-03-14 | D17: Otonom Mobilite (eVTOL) | E17: Katman 1: Son Urun/Sistem | F17: 1.5 | G17: Dunyada tam ticari sertifika alan ilk eVTOL; Shenzhen-HK rotasi acildi (Ocak 2026) | H17: 4 | I17: 4 | J17: 3 | K17: 3 | L17: 3 | M17: 3 | N17: 2 | O17: =IF(H17="","",SUM(H17:N17)) | P17: =IF(O17="","",IF(O17>=25,"🚀 DEEP DIVE",IF(O17>=18,"🟡 WATCHLIST","🔴 PASS"))) | R17: Otonom, pilotsuz EH216-S. Cin duzenleyici destegi guclu. Spekulatiften gelir uretimine gecis.
A18: QUBT | B18: Quantum Computing Inc. | C18: 2026-03-14 | D18: Quantum | E18: Katman 1: Son Urun/Sistem | F18: 1.7 | G18: Fotonik tabanli kuantum bilisim; oda sicakliginda calisma potansiyeli | H18: 4 | I18: 4 | J18: 3 | K18: 4 | L18: 3 | M18: 2 | N18: 2 | O18: =IF(H18="","",SUM(H18:N18)) | P18: =IF(O18="","",IF(O18>=25,"🚀 DEEP DIVE",IF(O18>=18,"🟡 WATCHLIST","🔴 PASS"))) | R18: Farkli teknolojik yaklasim (fotonik). Nis pozisyon. Ticari uygulanabilirlik henuz kanitlanmamis.
A19: RFIL | B19: RF Industries | C19: 2026-03-14 | D19: AI & Otomasyon + Baglanti | E19: Katman 2: Bilesen/Alt Sistem | F19: 0.15 | G19: Veri merkezi baglanti ve sogutma cozumleri; mikro cap picks&shovels | H19: 4 | I19: 3 | J19: 3 | K19: 4 | L19: 3 | M19: 2 | N19: 3 | O19: =IF(H19="","",SUM(H19:N19)) | P19: =IF(O19="","",IF(O19>=25,"🚀 DEEP DIVE",IF(O19>=18,"🟡 WATCHLIST","🔴 PASS"))) | R19: AI veri merkezi patlamasinda tedarik zinciri oyuncusu. Mutevazi sozlesmeler bile buyuk etki yaratabilir.
A20: CRBU | B20: Caribou Biosciences | C20: 2026-03-14 | D20: BioTech + Multiomiks | E20: Katman 1: Son Urun/Sistem | F20: 0.15 | G20: BofA Buy $11 hedef; mevcut $0.86; chRDNA teknolojisi; H2 2026 nakit pisti | H20: 4 | I20: 4 | J20: 3 | K20: 4 | L20: 3 | M20: 2 | N20: 1 | O20: =IF(H20="","",SUM(H20:N20)) | P20: =IF(O20="","",IF(O20>=25,"🚀 DEEP DIVE",IF(O20>=18,"🟡 WATCHLIST","🔴 PASS"))) | R20: Allogenik hucre tedavileri. Cok yuksek asimetri ($0.86 vs $11 hedef). Kisa nakit pisti riski.
A21: GRC | B21: Gorman-Rupp Company | C21: 2026-03-14 | D21: Su & Gıda & İklim + AI & Otomasyon | E21: Katman 2: Bilesen/Alt Sistem | F21: 0.7 | G21: Backlog %18.4 artarak $244M; CEO+CFO insider buying (Sub 2026) | H21: 3 | I21: 3 | J21: 3 | K21: 3 | L21: 3 | M21: 3 | N21: 3 | O21: =IF(H21="","",SUM(H21:N21)) | P21: =IF(O21="","",IF(O21>=25,"🚀 DEEP DIVE",IF(O21>=18,"🟡 WATCHLIST","🔴 PASS"))) | R21: Endustriyel pompalar. Veri merkezi sogutma + su yonetimi. Koordineli insider alis sinyali.
A22: MP | B22: MP Materials | C22: 2026-03-14 | D22: Robotik + Enerji Geçişi + Savunma | E22: Katman 3: Malzeme/Ekipman | F22: 3 | G22: Batinin en buyuk nadir toprak uretimi; robot motoru miknatislari icin kritik | H22: 4 | I22: 3 | J22: 3 | K22: 3 | L22: 3 | M22: 3 | N22: 2 | O22: =IF(H22="","",SUM(H22:N22)) | P22: =IF(O22="","",IF(O22>=25,"🚀 DEEP DIVE",IF(O22>=18,"🟡 WATCHLIST","🔴 PASS"))) | R22: Pentagon ABD yapimi robot istiyorsa MP'nin miknatislarina ihtiyac var. Cin tekelinin kirilmasi.
A23: PLPC | B23: Preformed Line Products | C23: 2026-03-14 | D23: Baglanti + Enerji Geçişi | E23: Katman 2: Bilesen/Alt Sistem | F23: 0.4 | G23: Q3 duzeltilmis net gelir %36 artis YoY; nakit akisi %102 artis | H23: 3 | I23: 3 | J23: 3 | K23: 3 | L23: 3 | M23: 3 | N23: 2 | O23: =IF(H23="","",SUM(H23:N23)) | P23: =IF(O23="","",IF(O23>=25,"🚀 DEEP DIVE",IF(O23>=18,"🟡 WATCHLIST","🔴 PASS"))) | R23: Enerji ve iletisim altyapisi. AI veri merkezi ve fiber optik genislemesinden faydalaniyor.
A24: MYRG | B24: MYR Group | C24: 2026-03-14 | D24: AI & Otomasyon + Enerji Geçişi | E24: Katman 2: Bilesen/Alt Sistem | F24: 2 | G24: Rekor $2.66B backlog; 2026 kar marji %5-7.5 genisleme beklentisi | H24: 4 | I24: 3 | J24: 3 | K24: 3 | L24: 3 | M24: 2 | N24: 2 | O24: =IF(H24="","",SUM(H24:N24)) | P24: =IF(O24="","",IF(O24>=25,"🚀 DEEP DIVE",IF(O24>=18,"🟡 WATCHLIST","🔴 PASS"))) | R24: Veri merkezleri icin elektrik muteahhitligi. AI veri merkezi insaatlarinin dogrudan faydalanıcisi.
... A26: LTBR | B26: Lightbridge Corp | C26: 2026-03-14 | D26: Enerji Geçişi | E26: Katman 2: Bilesen/Alt Sistem | F26: 0.3 | G26: Ileri nukleer yakit teknolojileri; mevcut reaktor verimliligi artirimi | H26: 4 | I26: 3 | J26: 3 | K26: 3 | L26: 2 | M26: 2 | N26: 2 | O26: =IF(H26="","",SUM(H26:N26)) | P26: =IF(O26="","",IF(O26>=25,"🚀 DEEP DIVE",IF(O26>=18,"🟡 WATCHLIST","🔴 PASS"))) | R26: Yeni reaktor insa etmeden mevcut kapasite artimi. SMR + geleneksel reaktorler uyumlu. Pre-revenue.
O27: =IF(H27="","",SUM(H27:N27)) | P27: =IF(O27="","",IF(O27>=25,"🚀 DEEP DIVE",IF(O27>=18,"🟡 WATCHLIST","🔴 PASS")))
O28: =IF(H28="","",SUM(H28:N28)) | P28: =IF(O28="","",IF(O28>=25,"🚀 DEEP DIVE",IF(O28>=18,"🟡 WATCHLIST","🔴 PASS")))
O29: =IF(H29="","",SUM(H29:N29)) | P29: =IF(O29="","",IF(O29>=25,"🚀 DEEP DIVE",IF(O29>=18,"🟡 WATCHLIST","🔴 PASS")))
O30: =IF(H30="","",SUM(H30:N30)) | P30: =IF(O30="","",IF(O30>=25,"🚀 DEEP DIVE",IF(O30>=18,"🟡 WATCHLIST","🔴 PASS")))
O31: =IF(H31="","",SUM(H31:N31)) | P31: =IF(O31="","",IF(O31>=25,"🚀 DEEP DIVE",IF(O31>=18,"🟡 WATCHLIST","🔴 PASS")))
O32: =IF(H32="","",SUM(H32:N32)) | P32: =IF(O32="","",IF(O32>=25,"🚀 DEEP DIVE",IF(O32>=18,"🟡 WATCHLIST","🔴 PASS")))
O33: =IF(H33="","",SUM(H33:N33)) | P33: =IF(O33="","",IF(O33>=25,"🚀 DEEP DIVE",IF(O33>=18,"🟡 WATCHLIST","🔴 PASS")))
O34: =IF(H34="","",SUM(H34:N34)) | P34: =IF(O34="","",IF(O34>=25,"🚀 DEEP DIVE",IF(O34>=18,"🟡 WATCHLIST","🔴 PASS")))
O35: =IF(H35="","",SUM(H35:N35)) | P35: =IF(O35="","",IF(O35>=25,"🚀 DEEP DIVE",IF(O35>=18,"🟡 WATCHLIST","🔴 PASS")))
O36: =IF(H36="","",SUM(H36:N36)) | P36: =IF(O36="","",IF(O36>=25,"🚀 DEEP DIVE",IF(O36>=18,"🟡 WATCHLIST","🔴 PASS")))
O37: =IF(H37="","",SUM(H37:N37)) | P37: =IF(O37="","",IF(O37>=25,"🚀 DEEP DIVE",IF(O37>=18,"🟡 WATCHLIST","🔴 PASS")))
O38: =IF(H38="","",SUM(H38:N38)) | P38: =IF(O38="","",IF(O38>=25,"🚀 DEEP DIVE",IF(O38>=18,"🟡 WATCHLIST","🔴 PASS")))
... O100: =IF(H100="","",SUM(H100:N100)) | P100: =IF(O100="","",IF(O100>=25,"🚀 DEEP DIVE",IF(O100>=18,"🟡 WATCHLIST","🔴 PASS")))

Sheet Deep Dive Scorecards
A1: Ticker | B1: Şirket | C1: Analiz Tarihi | D1: Megatrend(ler) | E1: Tedarik Katmanı | F1: Mkt Cap ($B) | G1: Fiyat ($) | H1: D1 (0-100) | I1: D2 (0-100) | J1: D3 (0-100) | K1: D4 (0-100) | L1: D5 (0-100) | M1: D6 (0-100) | N1: D7 (0-100) | O1: Raw Score | P1: Knockout Adj. | Q1: Final Score | R1: Verdict | S1: Risk Profile | T1: Position % | U1: Key Catalyst | V1: Top Risk | W1: Bull 5Y x | X1: Base 5Y x | Y1: Bear 5Y x | Z1: Notlar
A2: SKYT | B2: SkyWater Technology | C2: 2026-03-14 | D2: AI & Otomasyon + Quantum + Savunma | E2: Katman 3: Malzeme/Ekipman | F2: 1.4 | G2: 28.82 | H2: 82 | I2: 67 | J2: 72 | K2: 52 | L2: 66 | M2: 65 | N2: 59 | O2: =IF(H2="","",(H2*0.2)+(I2*0.2)+(J2*0.15)+(K2*0.15)+(L2*0.12)+(M2*0.08)+(N2*0.1)) | P2: 8 | Q2: =IF(O2="","",MIN(100,MAX(0,O2+P2))) | R2: =IF(Q2="","",IF(Q2>=80,"🚀 MOONSHOT BUY",IF(Q2>=65,"🟢 HIGH CONVICTION",IF(Q2>=50,"🟡 SPECULATIVE WATCH",IF(Q2>=35,"🟠 TOO EARLY","🔴 PASS"))))) | S2: Moderate Moonshot | T2: 1-2% | U2: IonQ deal kapanisi Q2-Q3 2026 | V2: Deal bozulma riski + negatif nakit akisi | W2: 1.2 | X2: 0.9 | Y2: 0.55 | Z2: IonQ $35/hisse satin alma = %21 merger arb. 3 megatrend kesisimi (AI+Quantum+Defense). FY2025 rekor $442M gelir. CHIPS Act destegi.
A3: RCAT | B3: Red Cat Holdings | C3: 2026-03-15 | D3: Savunma & Jeopolitik | E3: Agresif Moonshot | F3: $1.75B | G3: $16.16 | H3: 83 | I3: 69 | J3: 75 | K3: 54 | L3: 73 | M3: 62 | N3: 54 | O3: =ROUND((H3*0.2)+(I3*0.2)+(J3*0.15)+(K3*0.15)+(L3*0.12)+(M3*0.08)+(N3*0.1),2) | P3: 3 | Q3: =MIN(100,MAX(0,O3+P3)) | R3: =IF(Q3>=80,"🚀 MOONSHOT BUY",IF(Q3>=65,"🟢 HIGH CONVICTION",IF(Q3>=50,"🟡 SPECULATIVE",IF(Q3>=35,"🟠 TOO EARLY","🔴 PASS")))) | S3: Drone Dominance Program ödülleri | T3: Brüt marj sürdürülebilirliği | U3: 0.5-1% | V3: Yüksek | W3: 22.26% | X3: 4/0 | Y3: DJI yasağı faydalanıcısı, Army SRR kazananı, %22 short interest, Fuzzy Panda endişeleri
A4: NNE | B4: Nano Nuclear Energy | C4: 2026-03-15 | D4: Enerji Geçişi (Nükleer SMR) | E4: Agresif Moonshot | F4: $1.2B | G4: $22.82 | H4: 80 | I4: 53 | J4: 37 | K4: 65 | L4: 50 | M4: 50 | N4: 54 | O4: =ROUND((H4*0.2)+(I4*0.2)+(J4*0.15)+(K4*0.15)+(L4*0.12)+(M4*0.08)+(N4*0.1),2) | P4: 0 | Q4: =MIN(100,MAX(0,O4+P4)) | R4: =IF(Q4>=80,"🚀 MOONSHOT BUY",IF(Q4>=65,"🟢 HIGH CONVICTION",IF(Q4>=50,"🟡 SPECULATIVE",IF(Q4>=35,"🟠 TOO EARLY","🔴 PASS")))) | S4: NRC ZEUS ön başvurusu | T4: Sıfır gelir, NRC onayı yıllar uzağında | U4: 0.5-1% | V4: Yüksek | W4: 10x+ | X4: 2-3x | Y4: -60% | Z4: Pre-revenue nükleer mikroreaktör, $577M nakit, HALEU dikey entegrasyon, Hunterbrook kısa raporu risk
O5: =IF(H5="","",(H5*0.2)+(I5*0.2)+(J5*0.15)+(K5*0.15)+(L5*0.12)+(M5*0.08)+(N5*0.1)) | Q5: =IF(O5="","",MIN(100,MAX(0,O5+P5))) | R5: =IF(Q5="","",IF(Q5>=80,"🚀 MOONSHOT BUY",IF(Q5>=65,"🟢 HIGH CONVICTION",IF(Q5>=50,"🟡 SPECULATIVE WATCH",IF(Q5>=35,"🟠 TOO EARLY","🔴 PASS")))))
O6: =IF(H6="","",(H6*0.2)+(I6*0.2)+(J6*0.15)+(K6*0.15)+(L6*0.12)+(M6*0.08)+(N6*0.1)) | Q6: =IF(O6="","",MIN(100,MAX(0,O6+P6))) | R6: =IF(Q6="","",IF(Q6>=80,"🚀 MOONSHOT BUY",IF(Q6>=65,"🟢 HIGH CONVICTION",IF(Q6>=50,"🟡 SPECULATIVE WATCH",IF(Q6>=35,"🟠 TOO EARLY","🔴 PASS")))))
O7: =IF(H7="","",(H7*0.2)+(I7*0.2)+(J7*0.15)+(K7*0.15)+(L7*0.12)+(M7*0.08)+(N7*0.1)) | Q7: =IF(O7="","",MIN(100,MAX(0,O7+P7))) | R7: =IF(Q7="","",IF(Q7>=80,"🚀 MOONSHOT BUY",IF(Q7>=65,"🟢 HIGH CONVICTION",IF(Q7>=50,"🟡 SPECULATIVE WATCH",IF(Q7>=35,"🟠 TOO EARLY","🔴 PASS")))))
O8: =IF(H8="","",(H8*0.2)+(I8*0.2)+(J8*0.15)+(K8*0.15)+(L8*0.12)+(M8*0.08)+(N8*0.1)) | Q8: =IF(O8="","",MIN(100,MAX(0,O8+P8))) | R8: =IF(Q8="","",IF(Q8>=80,"🚀 MOONSHOT BUY",IF(Q8>=65,"🟢 HIGH CONVICTION",IF(Q8>=50,"🟡 SPECULATIVE WATCH",IF(Q8>=35,"🟠 TOO EARLY","🔴 PASS")))))
O9: =IF(H9="","",(H9*0.2)+(I9*0.2)+(J9*0.15)+(K9*0.15)+(L9*0.12)+(M9*0.08)+(N9*0.1)) | Q9: =IF(O9="","",MIN(100,MAX(0,O9+P9))) | R9: =IF(Q9="","",IF(Q9>=80,"🚀 MOONSHOT BUY",IF(Q9>=65,"🟢 HIGH CONVICTION",IF(Q9>=50,"🟡 SPECULATIVE WATCH",IF(Q9>=35,"🟠 TOO EARLY","🔴 PASS")))))
O10: =IF(H10="","",(H10*0.2)+(I10*0.2)+(J10*0.15)+(K10*0.15)+(L10*0.12)+(M10*0.08)+(N10*0.1)) | Q10: =IF(O10="","",MIN(100,MAX(0,O10+P10))) | R10: =IF(Q10="","",IF(Q10>=80,"🚀 MOONSHOT BUY",IF(Q10>=65,"🟢 HIGH CONVICTION",IF(Q10>=50,"🟡 SPECULATIVE WATCH",IF(Q10>=35,"🟠 TOO EARLY","🔴 PASS")))))
O11: =IF(H11="","",(H11*0.2)+(I11*0.2)+(J11*0.15)+(K11*0.15)+(L11*0.12)+(M11*0.08)+(N11*0.1)) | Q11: =IF(O11="","",MIN(100,MAX(0,O11+P11))) | R11: =IF(Q11="","",IF(Q11>=80,"🚀 MOONSHOT BUY",IF(Q11>=65,"🟢 HIGH CONVICTION",IF(Q11>=50,"🟡 SPECULATIVE WATCH",IF(Q11>=35,"🟠 TOO EARLY","🔴 PASS")))))
O12: =IF(H12="","",(H12*0.2)+(I12*0.2)+(J12*0.15)+(K12*0.15)+(L12*0.12)+(M12*0.08)+(N12*0.1)) | Q12: =IF(O12="","",MIN(100,MAX(0,O12+P12))) | R12: =IF(Q12="","",IF(Q12>=80,"🚀 MOONSHOT BUY",IF(Q12>=65,"🟢 HIGH CONVICTION",IF(Q12>=50,"🟡 SPECULATIVE WATCH",IF(Q12>=35,"🟠 TOO EARLY","🔴 PASS")))))
O13: =IF(H13="","",(H13*0.2)+(I13*0.2)+(J13*0.15)+(K13*0.15)+(L13*0.12)+(M13*0.08)+(N13*0.1)) | Q13: =IF(O13="","",MIN(100,MAX(0,O13+P13))) | R13: =IF(Q13="","",IF(Q13>=80,"🚀 MOONSHOT BUY",IF(Q13>=65,"🟢 HIGH CONVICTION",IF(Q13>=50,"🟡 SPECULATIVE WATCH",IF(Q13>=35,"🟠 TOO EARLY","🔴 PASS")))))
O14: =IF(H14="","",(H14*0.2)+(I14*0.2)+(J14*0.15)+(K14*0.15)+(L14*0.12)+(M14*0.08)+(N14*0.1)) | Q14: =IF(O14="","",MIN(100,MAX(0,O14+P14))) | R14: =IF(Q14="","",IF(Q14>=80,"🚀 MOONSHOT BUY",IF(Q14>=65,"🟢 HIGH CONVICTION",IF(Q14>=50,"🟡 SPECULATIVE WATCH",IF(Q14>=35,"🟠 TOO EARLY","🔴 PASS")))))
O15: =IF(H15="","",(H15*0.2)+(I15*0.2)+(J15*0.15)+(K15*0.15)+(L15*0.12)+(M15*0.08)+(N15*0.1)) | Q15: =IF(O15="","",MIN(100,MAX(0,O15+P15))) | R15: =IF(Q15="","",IF(Q15>=80,"🚀 MOONSHOT BUY",IF(Q15>=65,"🟢 HIGH CONVICTION",IF(Q15>=50,"🟡 SPECULATIVE WATCH",IF(Q15>=35,"🟠 TOO EARLY","🔴 PASS")))))
O16: =IF(H16="","",(H16*0.2)+(I16*0.2)+(J16*0.15)+(K16*0.15)+(L16*0.12)+(M16*0.08)+(N16*0.1)) | Q16: =IF(O16="","",MIN(100,MAX(0,O16+P16))) | R16: =IF(Q16="","",IF(Q16>=80,"🚀 MOONSHOT BUY",IF(Q16>=65,"🟢 HIGH CONVICTION",IF(Q16>=50,"🟡 SPECULATIVE WATCH",IF(Q16>=35,"🟠 TOO EARLY","🔴 PASS")))))
... O50: =IF(H50="","",(H50*0.2)+(I50*0.2)+(J50*0.15)+(K50*0.15)+(L50*0.12)+(M50*0.08)+(N50*0.1)) | Q50: =IF(O50="","",MIN(100,MAX(0,O50+P50))) | R50: =IF(Q50="","",IF(Q50>=80,"🚀 MOONSHOT BUY",IF(Q50>=65,"🟢 HIGH CONVICTION",IF(Q50>=50,"🟡 SPECULATIVE WATCH",IF(Q50>=35,"🟠 TOO EARLY","🔴 PASS")))))

Sheet Monitoring Log
A1: Ticker | B1: Tarih | C1: Değişen Boyut | D1: Değişiklik Açıklaması | E1: Etki | F1: Önceki Score | G1: Güncel Score | H1: Aksiyon | I1: Notlar

Sheet Dashboard
A1: 🔭 MOONSHOT DASHBOARD
A2: Son Güncelleme: | B2: 14 Mart 2026
A4: 📊 Özet Metrikler
A5: Toplam Taranan Şirket | B5: =COUNTA('Discovery Scan'!A2:A100)
A6: Deep Dive Listesi | B6: =COUNTIF('Discovery Scan'!P2:P100,"🚀 DEEP DIVE")
A7: Aktif Watchlist | B7: =COUNTIF('Discovery Scan'!P2:P100,"🟡 WATCHLIST")
A8: Market Cap <$2B Adaylar | B8: =COUNTIFS('Discovery Scan'!F2:F100,"<2",'Discovery Scan'!F2:F100,">0")
A9: Moonshot Buy Verdicts | B9: =COUNTIF('Deep Dive Scorecards'!R2:R50,"🚀 MOONSHOT BUY")
A10: High Conviction Verdicts | B10: =COUNTIF('Deep Dive Scorecards'!R2:R50,"🟢 HIGH CONVICTION")
A11: Ort. Final Score | B11: =IFERROR(AVERAGE('Deep Dive Scorecards'!Q2:Q50),0)
A14: 📈 Tedarik Zinciri Dağılımı
A15: Katman 1: Son Ürün/Sistem | B15: =COUNTIF('Discovery Scan'!E2:E100,"*Katman 1*")
A16: Katman 2: Bileşen/Alt Sistem | B16: =COUNTIF('Discovery Scan'!E2:E100,"*Katman 2*")
A17: Katman 3: Malzeme/Ekipman | B17: =COUNTIF('Discovery Scan'!E2:E100,"*Katman 3*")
A19: 🌐 Megatrend Dağılımı
A20: AI & Otomasyon | B20: =COUNTIF('Discovery Scan'!D2:D100,"*AI & Otomasyon*")
A21: Enerji | B21: =COUNTIF('Discovery Scan'!D2:D100,"*Enerji*")
A22: Uzay | B22: =COUNTIF('Discovery Scan'!D2:D100,"*Uzay*")
A23: BioTech | B23: =COUNTIF('Discovery Scan'!D2:D100,"*BioTech*")
A24: Siber Güvenlik | B24: =COUNTIF('Discovery Scan'!D2:D100,"*Siber Güvenlik*")
A25: Dijital Finans | B25: =COUNTIF('Discovery Scan'!D2:D100,"*Dijital Finans*")
A26: Savunma | B26: =COUNTIF('Discovery Scan'!D2:D100,"*Savunma*")
A27: Su & Gıda & İklim | B27: =COUNTIF('Discovery Scan'!D2:D100,"*Su & Gıda & İklim*")
A28: Quantum | B28: =COUNTIF('Discovery Scan'!D2:D100,"*Quantum*")
